,County,Pop_Female,Pop_Male,Pop_Total,FIPS,Percent_Disability,SchoolEnroll_10to14,SchoolEnroll_15to17,SchoolEnroll_18to19,SchoolEnroll_3to4,SchoolEnroll_5to9,TotalDisability,Year
0,Adams,50746,49255,100001,1.0,13.2,99.4,96.6,80.2,43.6,96.0,13155,2012
1,Allegheny,631437,578200,1209637,3.0,13.0,98.1,97.2,81.6,57.9,95.2,157215,2012
2,Armstrong,34487,33904,68391,5.0,19.4,98.4,97.1,69.7,38.0,95.1,13282,2012
3,Beaver,87212,81341,168553,7.0,15.7,97.5,97.1,77.7,48.8,96.1,26418,2012
4,Bedford,24681,24460,49141,9.0,16.8,98.8,93.3,61.3,42.6,93.3,8256,2012
5,Berks,206974,199012,405986,11.0,12.8,98.5,97.3,76.2,46.8,94.4,52021,2012
6,Blair,64379,60756,125135,13.0,15.3,98.0,94.9,74.0,53.1,95.3,19195,2012
7,Bradford,31452,30507,61959,15.0,14.0,99.3,94.9,69.0,35.5,94.6,8702,2012
8,Bucks,315828,303762,619590,17.0,10.3,98.6,98.3,82.8,61.9,96.2,63843,2012
9,Butler,92327,89143,181470,19.0,11.7,99.3,98.4,84.7,55.1,96.4,21281,2012
10,Cambria,71548,67162,138710,21.0,16.9,98.5,98.6,82.7,43.6,96.3,23495,2012
11,Cameron,2532,2473,5005,23.0,20.7,98.2,96.3,62.5,40.9,90.0,1037,2012
12,Carbon,32613,31730,64343,25.0,16.9,99.9,98.5,66.2,43.7,96.5,10902,2012
13,Centre,73550,77222,150772,27.0,9.0,98.7,96.2,92.7,50.4,94.4,13597,2012
14,Chester,252115,242799,494914,29.0,7.2,98.4,97.0,85.9,62.3,94.3,35853,2012
15,Clarion,20414,19167,39581,31.0,15.3,90.8,89.8,86.0,46.0,89.6,6058,2012
16,Clearfield,39236,37933,77169,33.0,15.0,99.4,96.4,61.6,50.0,92.9,11591,2012
17,Clinton,19882,18758,38640,35.0,15.2,99.0,93.7,88.3,37.3,93.2,5854,2012
18,Columbia,34609,31656,66265,37.0,11.5,98.1,96.6,86.9,55.1,96.0,7600,2012
19,Crawford,43901,42702,86603,39.0,16.3,97.0,91.6,74.9,39.5,91.9,14116,2012
20,Cumberland,118130,110563,228693,41.0,11.3,98.3,95.9,85.1,49.4,94.0,25941,2012
21,Dauphin,136877,127095,263972,43.0,12.3,97.7,97.1,69.5,44.5,93.7,32363,2012
22,Delaware,287932,262499,550431,45.0,10.9,98.3,97.0,85.4,62.6,96.3,59890,2012
23,Elk,15924,15749,31673,47.0,15.6,98.8,98.6,80.7,51.0,96.3,4942,2012
24,Erie,140766,133792,274558,49.0,15.1,96.9,98.3,81.9,44.9,94.2,41586,2012
25,Fayette,69058,64674,133732,51.0,19.8,97.6,95.1,59.6,41.0,94.4,26432,2012
26,Forest,2534,2752,5286,53.0,29.1,100.0,100.0,74.6,52.9,96.9,1537,2012
27,Franklin,75639,71989,147628,55.0,11.4,98.4,93.5,63.2,24.3,89.6,16847,2012
28,Fulton,7371,7401,14772,57.0,14.8,97.7,98.1,59.9,33.6,98.1,2184,2012
29,Greene,18537,16738,35275,59.0,17.5,96.1,96.7,72.1,35.7,89.0,6184,2012
30,Huntingdon,21307,20761,42068,61.0,16.3,97.0,94.6,87.0,37.1,89.8,6873,2012
31,Indiana,44159,43015,87174,63.0,13.4,96.2,90.2,84.9,49.5,92.3,11679,2012
32,Jefferson,22512,22084,44596,65.0,15.8,98.0,93.5,68.8,34.3,91.0,7050,2012
33,Juniata,12230,12116,24346,67.0,14.5,99.3,87.9,54.8,40.9,92.9,3518,2012
34,Lackawanna,109618,101408,211026,69.0,14.6,98.7,95.9,85.0,54.0,95.3,30734,2012
35,Lancaster,262229,251160,513389,71.0,10.7,97.4,89.6,73.0,38.5,91.4,54883,2012
36,Lawrence,46507,43177,89684,73.0,14.5,97.1,95.9,69.5,52.0,96.3,12964,2012
37,Lebanon,67315,64151,131466,75.0,11.6,98.5,94.4,70.0,39.3,93.7,15193,2012
38,Lehigh,177877,167527,345404,77.0,13.0,98.9,96.9,75.5,41.4,94.9,45002,2012
39,Luzerne,161492,151833,313325,79.0,15.4,97.0,96.9,81.3,41.5,95.5,48205,2012
40,Lycoming,57473,56269,113742,81.0,14.6,97.7,96.8,80.6,39.5,95.2,16629,2012
41,McKean,20889,20334,41223,83.0,17.1,98.6,99.5,74.9,42.0,94.0,7039,2012
42,Mercer,58447,54483,112930,85.0,15.9,98.3,94.0,80.6,36.2,93.3,18006,2012
43,Mifflin,23407,22767,46174,87.0,17.3,97.8,82.7,45.1,36.4,88.4,8009,2012
44,Monroe,85104,83116,168220,89.0,13.2,99.1,96.9,79.9,41.7,96.0,22128,2012
45,Montgomery,407254,379806,787060,91.0,9.0,98.6,97.9,84.6,62.3,95.3,71059,2012
46,Montour,9260,8453,17713,93.0,13.3,95.5,93.7,73.2,55.7,91.4,2364,2012
47,Northampton,150337,143606,293943,95.0,12.4,99.1,98.0,84.7,47.1,95.6,36432,2012
48,Northumberland,46272,44109,90381,97.0,16.1,98.2,93.0,64.9,35.4,95.4,14530,2012
49,Perry,22620,22685,45305,99.0,13.8,97.6,92.3,50.6,33.8,88.3,6254,2012
50,Philadelphia,800208,709249,1509457,101.0,16.0,97.7,96.3,75.8,51.4,94.3,240794,2012
51,Pike,28646,28402,57048,103.0,15.1,98.7,100.0,80.9,42.0,96.2,8629,2012
52,Potter,8636,8616,17252,105.0,18.5,95.9,98.6,65.4,30.7,96.3,3195,2012
53,Schuylkill,71559,69541,141100,107.0,17.2,99.5,97.8,72.4,41.0,94.6,24224,2012
54,Snyder,19812,19456,39268,109.0,11.9,97.9,91.3,83.3,26.2,88.9,4683,2012
55,Somerset,37184,36658,73842,111.0,17.0,98.1,96.6,70.7,36.9,95.7,12565,2012
56,Sullivan,3080,3218,6298,113.0,20.0,94.1,93.7,36.2,12.5,89.9,1262,2012
57,Susquehanna,21258,21502,42760,115.0,17.5,99.8,95.5,71.0,37.3,94.0,7498,2012
58,Tioga,21220,20440,41660,117.0,14.7,98.3,97.8,84.1,48.0,93.4,6120,2012
59,Union,19925,19439,39364,119.0,12.2,97.8,93.9,91.4,44.9,90.2,4799,2012
60,Venango,27641,26398,54039,121.0,17.1,97.9,98.8,59.1,41.4,92.9,9231,2012
61,Warren,20506,20347,40853,123.0,16.6,97.2,98.1,58.7,54.3,96.8,6768,2012
62,Washington,105781,100147,205928,125.0,14.7,98.3,98.1,79.9,53.0,97.2,30179,2012
63,Wayne,24503,24532,49035,127.0,16.8,97.0,95.6,68.3,46.9,96.8,8247,2012
64,Westmoreland,185414,174777,360191,129.0,14.4,98.7,97.7,77.8,53.2,95.9,51844,2012
65,Wyoming,13960,13847,27807,131.0,15.8,99.5,97.1,70.3,47.4,94.2,4396,2012
66,York,218300,211543,429843,133.0,12.1,98.9,97.9,69.4,45.0,94.3,51894,2012
0,Adams,50841,49314,100155,1.0,13.1,99.6,96.5,82.8,36.6,94.8,13151,2013
1,Allegheny,632025,579830,1211855,3.0,13.0,98.4,97.5,83.5,57.1,95.8,157995,2013
2,Armstrong,34323,33746,68069,5.0,18.7,98.4,97.4,68.8,37.3,95.4,12722,2013
3,Beaver,87154,81450,168604,7.0,15.4,97.7,97.9,78.0,50.4,95.7,25882,2013
4,Bedford,24615,24317,48932,9.0,16.9,97.5,93.1,57.2,42.4,94.4,8293,2013
5,Berks,207318,199757,407075,11.0,13.0,98.5,96.8,76.2,45.8,94.6,52784,2013
6,Blair,64261,60792,125053,13.0,15.4,97.9,95.6,75.6,52.2,94.9,19202,2013
7,Bradford,31423,30551,61974,15.0,14.3,99.7,95.5,66.9,34.5,93.6,8844,2013
8,Bucks,316317,303705,620022,17.0,10.1,98.5,98.0,85.0,60.1,95.6,62640,2013
9,Butler,92476,89695,182171,19.0,11.4,99.4,98.4,84.7,52.5,96.6,20847,2013
10,Cambria,70980,66785,137765,21.0,17.6,98.6,98.3,82.7,46.9,95.8,24223,2013
11,Cameron,2493,2455,4948,23.0,18.9,98.0,95.7,58.6,42.4,92.7,934,2013
12,Carbon,32515,31811,64326,25.0,17.1,98.6,98.9,69.1,41.5,95.3,11000,2013
13,Centre,73831,77585,151416,27.0,9.1,98.6,96.6,93.9,51.8,94.0,13788,2013
14,Chester,253712,244519,498231,29.0,7.6,98.2,96.7,84.8,62.5,94.2,37981,2013
15,Clarion,20231,19083,39314,31.0,15.5,91.7,91.3,86.3,45.8,90.5,6100,2013
16,Clearfield,38779,38083,76862,33.0,15.2,98.7,97.0,63.7,52.5,90.4,11687,2013
17,Clinton,20079,18803,38882,35.0,14.6,98.8,93.6,87.4,37.2,93.9,5675,2013
18,Columbia,34487,31790,66277,37.0,11.3,98.2,96.3,89.8,55.7,95.8,7487,2013
19,Crawford,43675,42715,86390,39.0,16.3,97.7,90.4,74.6,37.2,92.0,14046,2013
20,Cumberland,119281,111690,230971,41.0,11.1,98.1,95.9,86.1,47.0,91.6,25597,2013
21,Dauphin,137557,127645,265202,43.0,12.5,98.1,96.9,68.9,42.3,93.6,33119,2013
22,Delaware,288596,263166,551762,45.0,11.2,98.4,96.8,84.8,61.5,96.3,61531,2013
23,Elk,15842,15638,31480,47.0,15.2,99.7,98.7,80.7,52.3,95.7,4774,2013
24,Erie,140859,134195,275054,49.0,15.2,96.8,98.1,81.5,42.4,94.7,41751,2013
25,Fayette,68538,64428,132966,51.0,18.8,98.0,95.8,55.4,37.8,95.5,25010,2013
26,Forest,2443,2393,4836,53.0,29.1,100.0,100.0,70.7,43.1,96.7,1406,2013
27,Franklin,76392,72464,148856,55.0,11.6,97.8,94.1,64.5,23.1,90.7,17277,2013
28,Fulton,7342,7383,14725,57.0,15.3,98.7,98.6,62.1,32.1,97.4,2254,2013
29,Greene,18250,16754,35004,59.0,19.0,97.6,97.8,70.7,31.3,94.3,6664,2013
30,Huntingdon,21366,20688,42054,61.0,15.4,96.8,95.3,85.4,33.2,87.3,6495,2013
31,Indiana,43797,43091,86888,63.0,13.8,96.1,91.0,83.4,46.9,91.9,11989,2013
32,Jefferson,22445,22081,44526,65.0,15.9,98.0,93.5,70.5,32.1,91.8,7086,2013
33,Juniata,12260,12163,24423,67.0,14.1,99.8,84.2,55.4,46.4,93.3,3452,2013
34,Lackawanna,109353,101563,210916,69.0,14.6,98.4,96.5,84.7,56.0,95.1,30868,2013
35,Lancaster,263935,252600,516535,71.0,10.7,97.1,90.9,71.1,38.1,91.4,55267,2013
36,Lawrence,46180,43072,89252,73.0,14.6,96.8,97.2,70.5,50.2,96.3,12999,2013
37,Lebanon,67822,64658,132480,75.0,11.6,98.5,93.9,71.0,36.3,94.2,15310,2013
38,Lehigh,178593,168715,347308,77.0,13.4,98.9,97.2,73.7,40.9,94.5,46383,2013
39,Luzerne,161237,152194,313431,79.0,15.2,97.1,97.6,80.8,38.3,95.7,47769,2013
40,Lycoming,57291,56514,113805,81.0,14.3,97.2,96.9,78.3,40.6,95.2,16223,2013
41,McKean,20764,20314,41078,83.0,17.4,98.9,99.8,74.2,46.0,94.0,7145,2013
42,Mercer,58166,54249,112415,85.0,16.1,98.1,93.2,79.1,39.5,94.5,18060,2013
43,Mifflin,23369,22808,46177,87.0,17.0,97.0,81.8,49.3,27.1,88.5,7855,2013
44,Monroe,84930,82853,167783,89.0,13.2,98.9,96.5,78.9,41.6,95.0,22158,2013
45,Montgomery,409332,382139,791471,91.0,9.3,98.6,98.3,83.3,62.7,95.8,73673,2013
46,Montour,9218,8619,17837,93.0,13.0,97.2,94.2,73.6,42.7,91.4,2326,2013
47,Northampton,150801,144251,295052,95.0,12.4,99.0,98.0,84.8,49.3,95.1,36651,2013
48,Northumberland,46292,43992,90284,97.0,16.1,97.7,95.1,63.7,33.7,95.0,14543,2013
49,Perry,22645,22661,45306,99.0,12.9,97.4,93.6,52.0,29.2,89.2,5842,2013
50,Philadelphia,805042,715934,1520976,101.0,15.8,97.6,96.4,76.9,50.2,94.6,239682,2013
51,Pike,28577,28191,56768,103.0,14.5,98.9,99.9,77.5,43.1,95.9,8255,2013
52,Potter,8642,8626,17268,105.0,18.1,96.8,98.7,64.2,35.3,97.4,3119,2013
53,Schuylkill,71536,69450,140986,107.0,17.2,99.2,98.1,72.8,40.7,94.6,24258,2013
54,Snyder,19874,19502,39376,109.0,11.8,98.0,91.6,78.9,22.6,89.9,4638,2013
55,Somerset,37011,36245,73256,111.0,16.6,97.2,96.9,67.1,33.0,95.5,12172,2013
56,Sullivan,3016,3235,6251,113.0,19.3,95.0,98.0,33.0,12.8,91.9,1207,2013
57,Susquehanna,21110,21438,42548,115.0,17.5,99.6,95.8,70.8,36.3,92.7,7436,2013
58,Tioga,21289,20548,41837,117.0,15.1,98.4,98.1,86.9,46.9,95.3,6310,2013
59,Union,19842,19634,39476,119.0,12.5,97.7,93.1,90.8,40.7,93.7,4933,2013
60,Venango,27449,26348,53797,121.0,16.8,97.9,99.1,58.9,38.9,92.9,9061,2013
61,Warren,20408,20280,40688,123.0,16.8,96.6,97.0,54.5,58.9,94.1,6836,2013
62,Washington,105736,100489,206225,125.0,14.9,98.8,98.4,78.9,53.0,96.6,30732,2013
63,Wayne,24396,24376,48772,127.0,16.7,96.7,95.4,68.4,53.0,96.7,8167,2013
64,Westmoreland,184830,174687,359517,129.0,14.2,99.1,97.8,77.1,49.9,95.6,51194,2013
65,Wyoming,13926,13883,27809,131.0,16.0,98.0,97.0,73.4,46.3,92.0,4442,2013
66,York,219071,212495,431566,133.0,12.2,98.9,98.0,69.3,46.6,94.4,52533,2013
0,Adams,50854,49391,100245,1.0,13.4,99.6,96.7,81.0,37.4,96.0,13429,2014
1,Allegheny,632252,582118,1214370,3.0,13.0,98.4,97.5,83.7,57.0,95.9,158019,2014
2,Armstrong,34179,33629,67808,5.0,18.6,98.3,97.5,70.5,35.7,94.5,12611,2014
3,Beaver,87099,81530,168629,7.0,15.0,99.0,98.1,79.3,48.8,96.3,25376,2014
4,Bedford,24411,24360,48771,9.0,17.3,97.4,94.0,56.1,36.0,94.4,8439,2014
5,Berks,207726,200358,408084,11.0,13.1,98.6,97.0,75.6,46.2,94.1,53661,2014
6,Blair,64085,60867,124952,13.0,16.0,97.8,94.9,74.7,51.0,94.7,20038,2014
7,Bradford,31283,30600,61883,15.0,14.4,99.8,95.8,71.7,35.1,94.1,8929,2014
8,Bucks,316657,303596,620253,17.0,10.3,98.5,98.3,82.7,59.0,96.0,64031,2014
9,Butler,92675,90121,182796,19.0,11.6,99.5,98.8,85.3,49.6,95.8,21163,2014
10,Cambria,70396,65745,136141,21.0,17.7,98.6,98.6,83.7,43.9,96.2,24051,2014
11,Cameron,2455,2433,4888,23.0,18.2,97.0,95.3,58.0,41.1,94.8,892,2014
12,Carbon,32511,31587,64098,25.0,17.3,98.9,98.6,71.7,38.9,94.4,11112,2014
13,Centre,74256,79007,153263,27.0,9.6,99.0,97.4,94.2,50.8,93.6,14658,2014
14,Chester,255341,246167,501508,29.0,7.9,97.7,96.6,83.5,59.5,94.2,39403,2014
15,Clarion,19979,19044,39023,31.0,16.0,94.0,95.2,88.3,44.7,92.8,6225,2014
16,Clearfield,38448,38060,76508,33.0,16.1,98.9,96.9,66.4,48.2,93.8,12349,2014
17,Clinton,20098,18886,38984,35.0,14.4,98.0,92.6,85.0,42.7,94.2,5604,2014
18,Columbia,34433,31895,66328,37.0,11.0,98.2,98.1,88.8,47.4,95.4,7325,2014
19,Crawford,43552,42550,86102,39.0,16.3,97.2,89.8,71.9,35.8,92.7,14037,2014
20,Cumberland,119931,113228,233159,41.0,11.0,98.3,96.8,86.3,43.4,91.1,25544,2014
21,Dauphin,138208,128014,266222,43.0,13.0,98.4,96.7,66.6,45.5,92.8,34494,2014
22,Delaware,289287,263820,553107,45.0,11.4,98.6,96.8,85.6,60.8,96.4,62837,2014
23,Elk,15688,15571,31259,47.0,14.8,99.7,99.0,65.2,46.0,95.7,4623,2014
24,Erie,140757,134067,274824,49.0,14.9,98.1,98.0,82.4,39.9,94.5,41017,2014
25,Fayette,67991,64114,132105,51.0,18.4,97.6,97.2,57.6,38.0,94.2,24281,2014
26,Forest,2275,2014,4289,53.0,29.0,100.0,100.0,73.9,29.5,97.6,1244,2014
27,Franklin,76645,73351,149996,55.0,11.8,97.2,94.7,66.0,22.6,90.5,17724,2014
28,Fulton,7304,7396,14700,57.0,15.1,97.8,98.7,64.3,30.5,96.4,2223,2014
29,Greene,18135,16653,34788,59.0,18.6,97.6,97.1,74.0,34.8,94.7,6464,2014
30,Huntingdon,21489,20651,42140,61.0,15.7,97.2,96.0,85.0,35.5,88.3,6607,2014
31,Indiana,43629,43142,86771,63.0,13.6,96.0,91.8,83.5,39.3,90.2,11792,2014
32,Jefferson,22374,22051,44425,65.0,15.8,98.4,94.7,65.3,34.3,93.1,7014,2014
33,Juniata,12291,12211,24502,67.0,14.4,99.8,82.3,60.5,40.3,89.7,3529,2014
34,Lackawanna,109037,101396,210433,69.0,15.1,98.2,95.7,86.2,56.5,95.0,31674,2014
35,Lancaster,265634,254255,519889,71.0,11.1,97.6,90.2,69.1,38.0,91.6,57894,2014
36,Lawrence,45827,42954,88781,73.0,14.6,97.3,96.7,69.5,45.6,96.2,13005,2014
37,Lebanon,68194,65228,133422,75.0,11.9,98.5,93.9,72.8,31.1,92.4,15816,2014
38,Lehigh,179794,170050,349844,77.0,13.8,98.9,96.7,72.2,42.4,94.3,48347,2014
39,Luzerne,160599,152265,312864,79.0,15.5,97.4,97.8,81.1,37.2,95.5,48572,2014
40,Lycoming,57125,56594,113719,81.0,14.9,98.1,95.6,74.8,35.6,95.4,16915,2014
41,McKean,20601,20300,40901,83.0,17.5,98.4,99.8,74.3,44.0,94.1,7170,2014
42,Mercer,57966,54001,111967,85.0,16.2,98.1,94.4,77.0,38.4,94.4,18093,2014
43,Mifflin,23333,22834,46167,87.0,17.4,95.8,83.9,56.1,27.9,89.2,8011,2014
44,Monroe,84743,82536,167279,89.0,13.7,99.0,97.4,77.0,39.7,94.0,22962,2014
45,Montgomery,411333,385029,796362,91.0,9.4,98.5,98.3,83.0,62.3,96.1,74958,2014
46,Montour,9180,8719,17899,93.0,13.5,97.9,96.5,68.5,34.1,92.5,2411,2014
47,Northampton,151026,144970,295996,95.0,12.6,98.8,98.1,82.8,47.4,94.9,37301,2014
48,Northumberland,46056,43905,89961,97.0,15.9,98.2,92.0,61.9,35.1,94.0,14347,2014
49,Perry,22650,22639,45289,99.0,12.7,97.4,94.0,53.5,28.4,92.2,5737,2014
50,Philadelphia,810269,721530,1531799,101.0,15.6,97.4,95.9,76.3,48.7,93.9,239492,2014
51,Pike,28479,28001,56480,103.0,15.5,99.6,99.9,81.8,43.1,96.5,8766,2014
52,Potter,8602,8623,17225,105.0,17.9,97.4,99.4,61.5,29.8,97.6,3085,2014
53,Schuylkill,71144,69286,140430,107.0,17.6,99.2,98.0,72.3,41.7,94.2,24654,2014
54,Snyder,19983,19607,39590,109.0,12.1,97.9,87.0,79.2,19.4,88.2,4805,2014
55,Somerset,36675,35938,72613,111.0,16.3,97.0,97.9,69.0,29.3,94.1,11834,2014
56,Sullivan,3035,3189,6224,113.0,20.5,94.9,96.1,48.3,35.7,91.8,1277,2014
57,Susquehanna,20997,21358,42355,115.0,17.0,99.5,96.9,71.4,36.1,93.9,7205,2014
58,Tioga,21178,20745,41923,117.0,15.8,98.4,97.0,82.1,41.5,93.3,6629,2014
59,Union,19993,19465,39458,119.0,12.8,97.7,90.8,91.0,33.5,94.3,5066,2014
60,Venango,27285,26210,53495,121.0,16.9,97.7,99.2,57.8,45.0,92.6,9031,2014
61,Warren,20266,20230,40496,123.0,17.4,98.4,96.5,54.1,62.6,94.4,7060,2014
62,Washington,105593,100831,206424,125.0,14.5,99.0,99.2,79.9,53.4,96.7,29945,2014
63,Wayne,24148,24300,48448,127.0,17.5,97.0,97.7,66.5,55.1,97.1,8494,2014
64,Westmoreland,184288,173895,358183,129.0,14.5,99.0,98.4,76.4,49.8,95.7,51875,2014
65,Wyoming,13877,14035,27912,131.0,14.9,97.8,97.8,75.2,39.9,92.8,4165,2014
66,York,219862,213356,433218,133.0,12.5,99.0,98.2,71.5,45.5,93.6,54362,2014
0,Adams,50763,49686,100449,1.0,13.1,,,,,,13155,2015
1,Allegheny,632489,584548,1217037,3.0,13.1,,,,,,159272,2015
2,Armstrong,33976,33465,67441,5.0,18.8,,,,,,12689,2015
3,Beaver,86940,81541,168481,7.0,14.9,,,,,,25124,2015
4,Bedford,24328,24214,48542,9.0,17.4,,,,,,8465,2015
5,Berks,208326,200825,409151,11.0,13.1,,,,,,53598,2015
6,Blair,64024,60839,124863,13.0,16.3,,,,,,20393,2015
7,Bradford,31253,30355,61608,15.0,14.8,,,,,,9147,2015
8,Bucks,316641,303806,620447,17.0,10.4,,,,,,64799,2015
9,Butler,93254,90396,183650,19.0,11.9,,,,,,21895,2015
10,Cambria,69681,65144,134825,21.0,18.1,,,,,,24439,2015
11,Cameron,2407,2417,4824,23.0,19.8,,,,,,956,2015
12,Carbon,32381,31443,63824,25.0,17.3,,,,,,11026,2015
13,Centre,74652,79735,154387,27.0,9.9,,,,,,15356,2015
14,Chester,257079,247848,504927,29.0,8.2,,,,,,41212,2015
15,Clarion,20030,19001,39031,31.0,16.3,,,,,,6343,2015
16,Clearfield,38349,37642,75991,33.0,16.9,,,,,,12827,2015
17,Clinton,20140,18867,39007,35.0,14.6,,,,,,5696,2015
18,Columbia,34394,31748,66142,37.0,12.4,,,,,,8224,2015
19,Crawford,43475,42282,85757,39.0,16.3,,,,,,13963,2015
20,Cumberland,120874,114214,235088,41.0,11.2,,,,,,26439,2015
21,Dauphin,138806,128920,267726,43.0,13.5,,,,,,36081,2015
22,Delaware,289675,264620,554295,45.0,11.8,,,,,,65198,2015
23,Elk,15635,15412,31047,47.0,15.8,,,,,,4915,2015
24,Erie,140562,134048,274610,49.0,14.6,,,,,,40148,2015
25,Fayette,67893,63594,131487,51.0,18.1,,,,,,23738,2015
26,Forest,1956,1713,3669,53.0,31.3,,,,,,1149,2015
27,Franklin,77016,73956,150972,55.0,12.3,,,,,,18577,2015
28,Fulton,7260,7390,14650,57.0,15.2,,,,,,2234,2015
29,Greene,18114,16420,34534,59.0,18.8,,,,,,6502,2015
30,Huntingdon,21464,20587,42051,61.0,15.7,,,,,,6598,2015
31,Indiana,43302,43040,86342,63.0,13.9,,,,,,11969,2015
32,Jefferson,22233,21978,44211,65.0,15.7,,,,,,6925,2015
33,Juniata,12258,12303,24561,67.0,14.5,,,,,,3565,2015
34,Lackawanna,108620,101070,209690,69.0,15.0,,,,,,31450,2015
35,Lancaster,267155,256055,523210,71.0,11.3,,,,,,59294,2015
36,Lawrence,45456,42665,88121,73.0,15.9,,,,,,14016,2015
37,Lebanon,68471,65628,134099,75.0,12.6,,,,,,16883,2015
38,Lehigh,180702,171219,351921,77.0,14.1,,,,,,49510,2015
39,Luzerne,160144,152229,312373,79.0,15.5,,,,,,48429,2015
40,Lycoming,57046,56476,113522,81.0,14.9,,,,,,16883,2015
41,McKean,20343,20436,40779,83.0,17.1,,,,,,6988,2015
42,Mercer,57682,53701,111383,85.0,16.0,,,,,,17833,2015
43,Mifflin,23339,22778,46117,87.0,17.2,,,,,,7923,2015
44,Monroe,84706,82177,166883,89.0,14.0,,,,,,23394,2015
45,Montgomery,412951,386633,799584,91.0,9.6,,,,,,76857,2015
46,Montour,9240,8659,17899,93.0,14.2,,,,,,2537,2015
47,Northampton,151223,145423,296646,95.0,12.6,,,,,,37487,2015
48,Northumberland,45732,43733,89465,97.0,15.7,,,,,,14010,2015
49,Perry,22465,22707,45172,99.0,12.6,,,,,,5681,2015
50,Philadelphia,814174,726591,1540765,101.0,15.9,,,,,,245219,2015
51,Pike,28284,27934,56218,103.0,15.9,,,,,,8953,2015
52,Potter,8564,8582,17146,105.0,18.6,,,,,,3194,2015
53,Schuylkill,70832,68808,139640,107.0,17.1,,,,,,23922,2015
54,Snyder,20065,19659,39724,109.0,11.7,,,,,,4642,2015
55,Somerset,36310,35579,71889,111.0,16.2,,,,,,11616,2015
56,Sullivan,2971,3220,6191,113.0,20.4,,,,,,1261,2015
57,Susquehanna,20870,21194,42064,115.0,17.0,,,,,,7132,2015
58,Tioga,21039,20832,41871,117.0,15.7,,,,,,6562,2015
59,Union,19898,19497,39395,119.0,12.2,,,,,,4802,2015
60,Venango,27078,26068,53146,121.0,17.4,,,,,,9228,2015
61,Warren,20128,20126,40254,123.0,17.3,,,,,,6951,2015
62,Washington,105522,101052,206574,125.0,14.7,,,,,,30269,2015
63,Wayne,23927,24135,48062,127.0,17.2,,,,,,8259,2015
64,Westmoreland,183321,173610,356931,129.0,14.6,,,,,,52062,2015
65,Wyoming,13918,13985,27903,131.0,14.2,,,,,,3969,2015
66,York,220586,214238,434824,133.0,13.0,,,,,,56417,2015
0,Adams,50829,49654,100483,1.0,13.5,,,,,,13559,2016
1,Allegheny,631170,585025,1216195,3.0,13.2,,,,,,160211,2016
2,Armstrong,33793,33192,66985,5.0,18.8,,,,,,12576,2016
3,Beaver,86503,81304,167807,7.0,14.7,,,,,,24745,2016
4,Bedford,24180,24154,48334,9.0,17.6,,,,,,8528,2016
5,Berks,208362,200968,409330,11.0,13.3,,,,,,54583,2016
6,Blair,63454,60989,124443,13.0,16.9,,,,,,21020,2016
7,Bradford,30948,30242,61190,15.0,14.9,,,,,,9087,2016
8,Bucks,316444,303898,620342,17.0,10.7,,,,,,66266,2016
9,Butler,93237,90716,183953,19.0,12.2,,,,,,22436,2016
10,Cambria,68930,64627,133557,21.0,18.1,,,,,,24180,2016
11,Cameron,2341,2423,4764,23.0,19.4,,,,,,922,2016
12,Carbon,31975,31557,63532,25.0,16.8,,,,,,10670,2016
13,Centre,75024,80318,155342,27.0,9.9,,,,,,15430,2016
14,Chester,257850,249329,507179,29.0,8.3,,,,,,41928,2016
15,Clarion,19766,18757,38523,31.0,16.9,,,,,,6498,2016
16,Clearfield,38283,37488,75771,33.0,17.8,,,,,,13503,2016
17,Clinton,19954,18979,38933,35.0,15.2,,,,,,5902,2016
18,Columbia,34281,31729,66010,37.0,12.2,,,,,,8065,2016
19,Crawford,43382,42164,85546,39.0,16.0,,,,,,13684,2016
20,Cumberland,121902,115468,237370,41.0,11.2,,,,,,26647,2016
21,Dauphin,139147,129355,268502,43.0,13.3,,,,,,35681,2016
22,Delaware,289570,265315,554885,45.0,11.7,,,,,,65028,2016
23,Elk,15386,15398,30784,47.0,16.7,,,,,,5145,2016
24,Erie,139985,133678,273663,49.0,15.1,,,,,,41209,2016
25,Fayette,67423,63424,130847,51.0,18.0,,,,,,23609,2016
26,Forest,1539,1509,3048,53.0,33.3,,,,,,1015,2016
27,Franklin,77037,74308,151345,55.0,12.6,,,,,,19055,2016
28,Fulton,7231,7379,14610,57.0,16.0,,,,,,2331,2016
29,Greene,17922,16764,34686,59.0,20.1,,,,,,6986,2016
30,Huntingdon,21362,20635,41997,61.0,16.3,,,,,,6857,2016
31,Indiana,43209,42799,86008,63.0,14.4,,,,,,12356,2016
32,Jefferson,22162,21881,44043,65.0,15.9,,,,,,7004,2016
33,Juniata,12268,12292,24560,67.0,14.0,,,,,,3446,2016
34,Lackawanna,108437,100731,209168,69.0,15.3,,,,,,31914,2016
35,Lancaster,268631,257760,526391,71.0,11.6,,,,,,61221,2016
36,Lawrence,45055,42445,87500,73.0,16.3,,,,,,14261,2016
37,Lebanon,69153,66106,135259,75.0,13.0,,,,,,17598,2016
38,Lehigh,181625,172271,353896,77.0,14.0,,,,,,49613,2016
39,Luzerne,159292,151790,311082,79.0,15.7,,,,,,48952,2016
40,Lycoming,56717,56427,113144,81.0,15.4,,,,,,17386,2016
41,McKean,20132,20366,40498,83.0,17.9,,,,,,7255,2016
42,Mercer,57165,53492,110657,85.0,16.3,,,,,,18083,2016
43,Mifflin,23346,22661,46007,87.0,17.4,,,,,,8006,2016
44,Monroe,84190,81943,166133,89.0,14.5,,,,,,24080,2016
45,Montgomery,414096,387955,802051,91.0,10.0,,,,,,80135,2016
46,Montour,9276,8515,17791,93.0,13.0,,,,,,2318,2016
47,Northampton,151360,146281,297641,95.0,12.5,,,,,,37334,2016
48,Northumberland,45523,43855,89378,97.0,16.3,,,,,,14566,2016
49,Perry,22453,22684,45137,99.0,13.4,,,,,,6052,2016
50,Philadelphia,815527,730195,1545722,101.0,16.0,,,,,,246814,2016
51,Pike,28027,27780,55807,103.0,16.8,,,,,,9385,2016
52,Potter,8424,8583,17007,105.0,17.9,,,,,,3036,2016
53,Schuylkill,70232,68478,138710,107.0,17.8,,,,,,24734,2016
54,Snyder,20194,19739,39933,109.0,12.2,,,,,,4870,2016
55,Somerset,36095,35344,71439,111.0,16.4,,,,,,11693,2016
56,Sullivan,2893,3216,6109,113.0,20.1,,,,,,1226,2016
57,Susquehanna,20597,20937,41534,115.0,16.7,,,,,,6952,2016
58,Tioga,20956,20660,41616,117.0,16.3,,,,,,6780,2016
59,Union,19959,19544,39503,119.0,12.9,,,,,,5089,2016
60,Venango,26822,25886,52708,121.0,17.5,,,,,,9221,2016
61,Warren,19954,19974,39928,123.0,17.7,,,,,,7062,2016
62,Washington,105386,101235,206621,125.0,14.7,,,,,,30363,2016
63,Wayne,23726,23997,47723,127.0,17.5,,,,,,8352,2016
64,Westmoreland,182258,173217,355475,129.0,14.8,,,,,,52628,2016
65,Wyoming,13834,13895,27729,131.0,14.3,,,,,,3952,2016
66,York,221003,214731,435734,133.0,13.3,,,,,,57976,2016
0,Adams,50827,49516,100343,1.0,13.3,,,,,,13376,2017
1,Allegheny,630433,584786,1215219,3.0,13.3,,,,,,161316,2017
2,Armstrong,33340,32867,66207,5.0,19.1,,,,,,12652,2017
3,Beaver,85856,80901,166757,7.0,15.2,,,,,,25381,2017
4,Bedford,24237,24170,48407,9.0,17.8,,,,,,8613,2017
5,Berks,208895,201697,410592,11.0,13.3,,,,,,54532,2017
6,Blair,62826,60462,123288,13.0,17.3,,,,,,21363,2017
7,Bradford,30873,30063,60936,15.0,15.1,,,,,,9222,2017
8,Bucks,316564,304175,620739,17.0,10.8,,,,,,66957,2017
9,Butler,93337,90642,183979,19.0,12.1,,,,,,22293,2017
10,Cambria,68127,63988,132115,21.0,18.0,,,,,,23777,2017
11,Cameron,2304,2411,4715,23.0,19.0,,,,,,895,2017
12,Carbon,31832,31328,63160,25.0,16.3,,,,,,10285,2017
13,Centre,75744,80528,156272,27.0,9.8,,,,,,15386,2017
14,Chester,259063,250777,509840,29.0,8.5,,,,,,43521,2017
15,Clarion,19652,18701,38353,31.0,17.0,,,,,,6503,2017
16,Clearfield,38031,37080,75111,33.0,18.5,,,,,,13903,2017
17,Clinton,19846,18887,38733,35.0,15.7,,,,,,6071,2017
18,Columbia,34192,31679,65871,37.0,12.9,,,,,,8521,2017
19,Crawford,43262,42156,85418,39.0,16.8,,,,,,14369,2017
20,Cumberland,122892,116262,239154,41.0,11.3,,,,,,27139,2017
21,Dauphin,139927,130112,270039,43.0,13.2,,,,,,35700,2017
22,Delaware,290006,265822,555828,45.0,11.8,,,,,,65590,2017
23,Elk,15157,15293,30450,47.0,16.9,,,,,,5140,2017
24,Erie,139241,132858,272099,49.0,15.3,,,,,,41761,2017
25,Fayette,66990,62744,129734,51.0,18.5,,,,,,24031,2017
26,Forest,1355,1546,2901,53.0,30.9,,,,,,896,2017
27,Franklin,76870,74717,151587,55.0,13.1,,,,,,19860,2017
28,Fulton,7222,7372,14594,57.0,15.2,,,,,,2212,2017
29,Greene,17762,17128,34890,59.0,20.4,,,,,,7113,2017
30,Huntingdon,21338,20416,41754,61.0,16.5,,,,,,6877,2017
31,Indiana,42772,42335,85107,63.0,14.9,,,,,,12715,2017
32,Jefferson,21999,21724,43723,65.0,16.0,,,,,,6979,2017
33,Juniata,12076,12127,24203,67.0,14.1,,,,,,3402,2017
34,Lackawanna,107679,100409,208088,69.0,15.6,,,,,,32418,2017
35,Lancaster,270494,259590,530084,71.0,11.7,,,,,,62231,2017
36,Lawrence,45005,42198,87203,73.0,17.0,,,,,,14824,2017
37,Lebanon,69380,66527,135907,75.0,12.8,,,,,,17403,2017
38,Lehigh,182259,173552,355811,77.0,13.9,,,,,,49395,2017
39,Luzerne,158726,151674,310400,79.0,15.5,,,,,,48143,2017
40,Lycoming,56307,55919,112226,81.0,15.4,,,,,,17314,2017
41,McKean,19827,20197,40024,83.0,18.6,,,,,,7425,2017
42,Mercer,56601,53070,109671,85.0,16.6,,,,,,18200,2017
43,Mifflin,23337,22516,45853,87.0,17.3,,,,,,7931,2017
44,Monroe,84257,82046,166303,89.0,14.7,,,,,,24505,2017
45,Montgomery,415095,389546,804641,91.0,10.0,,,,,,80441,2017
46,Montour,9163,8519,17682,93.0,13.0,,,,,,2302,2017
47,Northampton,151558,146573,298131,95.0,12.4,,,,,,37083,2017
48,Northumberland,45390,43741,89131,97.0,16.8,,,,,,14985,2017
49,Perry,22558,22793,45351,99.0,14.0,,,,,,6352,2017
50,Philadelphia,820878,734814,1555692,101.0,15.9,,,,,,247093,2017
51,Pike,27636,27654,55290,103.0,16.2,,,,,,8981,2017
52,Potter,8349,8483,16832,105.0,18.6,,,,,,3138,2017
53,Schuylkill,69591,67841,137432,107.0,18.0,,,,,,24688,2017
54,Snyder,20390,19864,40254,109.0,11.8,,,,,,4757,2017
55,Somerset,35760,35020,70780,111.0,16.2,,,,,,11443,2017
56,Sullivan,2869,3126,5995,113.0,20.8,,,,,,1249,2017
57,Susquehanna,20578,20843,41421,115.0,17.1,,,,,,7088,2017
58,Tioga,20712,20421,41133,117.0,16.7,,,,,,6860,2017
59,Union,19974,19548,39522,119.0,13.3,,,,,,5240,2017
60,Venango,26500,25637,52137,121.0,18.0,,,,,,9374,2017
61,Warren,19884,19774,39658,123.0,17.3,,,,,,6842,2017
62,Washington,104976,101004,205980,125.0,14.7,,,,,,30308,2017
63,Wayne,23921,24145,48066,127.0,18.4,,,,,,8832,2017
64,Westmoreland,180986,172347,353333,129.0,15.0,,,,,,52853,2017
65,Wyoming,13710,13801,27511,131.0,13.7,,,,,,3774,2017
66,York,221771,215414,437185,133.0,13.4,,,,,,58367,2017
